Id;Name;Surname;Email
1;kiiir12;fgdf;kiiir12fgdf1@yopmail.com
2;kiiir13;fgdf;kiiir13fgdf2@yopmail.com
3;kiiir14;fgdf;kiiir14fgdf3@yopmail.com
4;kiiir15;fgdf;kiiir15fgdf4@yopmail.com
5;kiiir16;fgdf;kiiir16fgdf5@yopmail.com
6;kiiir17;fgdf;kiiir17fgdf6@yopmail.com
7;kiiir18;fgdf;kiiir18fgdf7@yopmail.com
8;kiiir19;fgdf;kiiir19fgdf8@yopmail.com
9;kiiir20;fgdf;kiiir20fgdf9@yopmail.com
10;kiiir21;fgdf;kiiir21fgdf10@yopmail.com
11;kiiir22;fgdf;kiiir22fgdf11@yopmail.com
12;kiiir23;fgdf;kiiir23fgdf12@yopmail.com
13;kiiir24;fgdf;kiiir24fgdf13@yopmail.com
14;kiiir25;fgdf;kiiir25fgdf14@yopmail.com
15;kiiir26;fgdf;kiiir26fgdf15@yopmail.com
16;kiiir27;fgdf;kiiir27fgdf16@yopmail.com
17;kiiir28;fgdf;kiiir28fgdf17@yopmail.com
18;kiiir29;fgdf;kiiir29fgdf18@yopmail.com
19;kiiir30;fgdf;kiiir30fgdf19@yopmail.com
20;kiiir31;fgdf;kiiir31fgdf20@yopmail.com
21;kiiir32;fgdf;kiiir32fgdf21@yopmail.com
22;kiiir33;fgdf;kiiir33fgdf22@yopmail.com
23;kiiir34;fgdf;kiiir34fgdf23@yopmail.com
24;kiiir35;fgdf;kiiir35fgdf24@yopmail.com
25;kiiir36;fgdf;kiiir36fgdf25@yopmail.com
26;kiiir37;fgdf;kiiir37fgdf26@yopmail.com
27;kiiir38;fgdf;kiiir38fgdf27@yopmail.com
28;kiiir39;fgdf;kiiir39fgdf28@yopmail.com
29;kiiir40;fgdf;kiiir40fgdf29@yopmail.com
30;kiiir41;fgdf;kiiir41fgdf30@yopmail.com
31;kiiir42;fgdf;kiiir42fgdf31@yopmail.com
32;kiiir43;fgdf;kiiir43fgdf32@yopmail.com
33;kiiir44;fgdf;kiiir44fgdf33@yopmail.com
34;kiiir45;fgdf;kiiir45fgdf34@yopmail.com
35;kiiir46;fgdf;kiiir46fgdf35@yopmail.com
36;kiiir47;fgdf;kiiir47fgdf36@yopmail.com
37;kiiir48;fgdf;kiiir48fgdf37@yopmail.com
38;kiiir49;fgdf;kiiir49fgdf38@yopmail.com
39;kiiir50;fgdf;kiiir50fgdf39@yopmail.com
40;kiiir51;fgdf;kiiir51fgdf40@yopmail.com
41;kiiir52;fgdf;kiiir52fgdf41@yopmail.com
42;kiiir53;fgdf;kiiir53fgdf42@yopmail.com
43;kiiir54;fgdf;kiiir54fgdf43@yopmail.com
44;kiiir55;fgdf;kiiir55fgdf44@yopmail.com
45;kiiir56;fgdf;kiiir56fgdf45@yopmail.com
46;kiiir57;fgdf;kiiir57fgdf46@yopmail.com
47;kiiir58;fgdf;kiiir58fgdf47@yopmail.com
48;kiiir59;fgdf;kiiir59fgdf48@yopmail.com
49;kiiir60;fgdf;kiiir60fgdf49@yopmail.com
50;kiiir61;fgdf;kiiir61fgdf50@yopmail.com
51;kiiir62;fgdf;kiiir62fgdf51@yopmail.com
52;kiiir63;fgdf;kiiir63fgdf52@yopmail.com
53;kiiir64;fgdf;kiiir64fgdf53@yopmail.com
54;kiiir65;fgdf;kiiir65fgdf54@yopmail.com
55;kiiir66;fgdf;kiiir66fgdf55@yopmail.com
56;kiiir67;fgdf;kiiir67fgdf56@yopmail.com
57;kiiir68;fgdf;kiiir68fgdf57@yopmail.com
58;kiiir69;fgdf;kiiir69fgdf58@yopmail.com
59;kiiir70;fgdf;kiiir70fgdf59@yopmail.com
60;kiiir71;fgdf;kiiir71fgdf60@yopmail.com
61;kiiir72;fgdf;kiiir72fgdf61@yopmail.com
62;kiiir73;fgdf;kiiir73fgdf62@yopmail.com
63;kiiir74;fgdf;kiiir74fgdf63@yopmail.com
64;kiiir75;fgdf;kiiir75fgdf64@yopmail.com
65;kiiir76;fgdf;kiiir76fgdf65@yopmail.com
66;kiiir77;fgdf;kiiir77fgdf66@yopmail.com
67;kiiir78;fgdf;kiiir78fgdf67@yopmail.com
68;kiiir79;fgdf;kiiir79fgdf68@yopmail.com
69;kiiir80;fgdf;kiiir80fgdf69@yopmail.com
70;kiiir81;fgdf;kiiir81fgdf70@yopmail.com
71;kiiir82;fgdf;kiiir82fgdf71@yopmail.com
72;kiiir83;fgdf;kiiir83fgdf72@yopmail.com
73;kiiir84;fgdf;kiiir84fgdf73@yopmail.com
74;kiiir85;fgdf;kiiir85fgdf74@yopmail.com
75;kiiir86;fgdf;kiiir86fgdf75@yopmail.com
76;kiiir87;fgdf;kiiir87fgdf76@yopmail.com
77;kiiir88;fgdf;kiiir88fgdf77@yopmail.com
78;kiiir89;fgdf;kiiir89fgdf78@yopmail.com
79;kiiir90;fgdf;kiiir90fgdf79@yopmail.com
80;kiiir91;fgdf;kiiir91fgdf80@yopmail.com
81;kiiir92;fgdf;kiiir92fgdf81@yopmail.com
82;kiiir93;fgdf;kiiir93fgdf82@yopmail.com
83;kiiir94;fgdf;kiiir94fgdf83@yopmail.com
84;kiiir95;fgdf;kiiir95fgdf84@yopmail.com
85;kiiir96;fgdf;kiiir96fgdf85@yopmail.com
86;kiiir97;fgdf;kiiir97fgdf86@yopmail.com
87;kiiir98;fgdf;kiiir98fgdf87@yopmail.com
88;kiiir99;fgdf;kiiir99fgdf88@yopmail.com
89;kiiir100;fgdf;kiiir100fgdf89@yopmail.com
90;kiiir101;fgdf;kiiir101fgdf90@yopmail.com
91;kiiir102;fgdf;kiiir102fgdf91@yopmail.com
92;kiiir103;fgdf;kiiir103fgdf92@yopmail.com
93;kiiir104;fgdf;kiiir104fgdf93@yopmail.com
94;kiiir105;fgdf;kiiir105fgdf94@yopmail.com
95;kiiir106;fgdf;kiiir106fgdf95@yopmail.com
96;kiiir107;fgdf;kiiir107fgdf96@yopmail.com
97;kiiir108;fgdf;kiiir108fgdf97@yopmail.com
98;kiiir109;fgdf;kiiir109fgdf98@yopmail.com
99;kiiir110;fgdf;kiiir110fgdf99@yopmail.com
100;kiiir111;fgdf;kiiir111fgdf100@yopmail.com
101;kiiir112;fgdf;kiiir112fgdf101@yopmail.com
102;kiiir113;fgdf;kiiir113fgdf102@yopmail.com
103;kiiir114;fgdf;kiiir114fgdf103@yopmail.com
104;kiiir115;fgdf;kiiir115fgdf104@yopmail.com
105;kiiir116;fgdf;kiiir116fgdf105@yopmail.com
106;kiiir117;fgdf;kiiir117fgdf106@yopmail.com
107;kiiir118;fgdf;kiiir118fgdf107@yopmail.com
108;kiiir119;fgdf;kiiir119fgdf108@yopmail.com
109;kiiir120;fgdf;kiiir120fgdf109@yopmail.com
110;kiiir121;fgdf;kiiir121fgdf110@yopmail.com
111;kiiir122;fgdf;kiiir122fgdf111@yopmail.com
112;kiiir123;fgdf;kiiir123fgdf112@yopmail.com
113;kiiir124;fgdf;kiiir124fgdf113@yopmail.com
114;kiiir125;fgdf;kiiir125fgdf114@yopmail.com
115;kiiir126;fgdf;kiiir126fgdf115@yopmail.com
116;kiiir127;fgdf;kiiir127fgdf116@yopmail.com
117;kiiir128;fgdf;kiiir128fgdf117@yopmail.com
118;kiiir129;fgdf;kiiir129fgdf118@yopmail.com
119;kiiir130;fgdf;kiiir130fgdf119@yopmail.com
120;kiiir131;fgdf;kiiir131fgdf120@yopmail.com
121;kiiir132;fgdf;kiiir132fgdf121@yopmail.com
122;kiiir133;fgdf;kiiir133fgdf122@yopmail.com
123;kiiir134;fgdf;kiiir134fgdf123@yopmail.com
124;kiiir135;fgdf;kiiir135fgdf124@yopmail.com
125;kiiir136;fgdf;kiiir136fgdf125@yopmail.com
126;kiiir137;fgdf;kiiir137fgdf126@yopmail.com
127;kiiir138;fgdf;kiiir138fgdf127@yopmail.com
128;kiiir139;fgdf;kiiir139fgdf128@yopmail.com
129;kiiir140;fgdf;kiiir140fgdf129@yopmail.com
130;kiiir141;fgdf;kiiir141fgdf130@yopmail.com
131;kiiir142;fgdf;kiiir142fgdf131@yopmail.com
132;kiiir143;fgdf;kiiir143fgdf132@yopmail.com
133;kiiir144;fgdf;kiiir144fgdf133@yopmail.com
134;kiiir145;fgdf;kiiir145fgdf134@yopmail.com
135;kiiir146;fgdf;kiiir146fgdf135@yopmail.com
136;kiiir147;fgdf;kiiir147fgdf136@yopmail.com
137;kiiir148;fgdf;kiiir148fgdf137@yopmail.com
138;kiiir149;fgdf;kiiir149fgdf138@yopmail.com
139;kiiir150;fgdf;kiiir150fgdf139@yopmail.com
140;kiiir151;fgdf;kiiir151fgdf140@yopmail.com
141;kiiir152;fgdf;kiiir152fgdf141@yopmail.com
142;kiiir153;fgdf;kiiir153fgdf142@yopmail.com
143;kiiir154;fgdf;kiiir154fgdf143@yopmail.com
144;kiiir155;fgdf;kiiir155fgdf144@yopmail.com
145;kiiir156;fgdf;kiiir156fgdf145@yopmail.com
146;kiiir157;fgdf;kiiir157fgdf146@yopmail.com
147;kiiir158;fgdf;kiiir158fgdf147@yopmail.com
148;kiiir159;fgdf;kiiir159fgdf148@yopmail.com
149;kiiir160;fgdf;kiiir160fgdf149@yopmail.com
150;kiiir161;fgdf;kiiir161fgdf150@yopmail.com
151;kiiir162;fgdf;kiiir162fgdf151@yopmail.com
152;kiiir163;fgdf;kiiir163fgdf152@yopmail.com
153;kiiir164;fgdf;kiiir164fgdf153@yopmail.com
154;kiiir165;fgdf;kiiir165fgdf154@yopmail.com
155;kiiir166;fgdf;kiiir166fgdf155@yopmail.com
156;kiiir167;fgdf;kiiir167fgdf156@yopmail.com
157;kiiir168;fgdf;kiiir168fgdf157@yopmail.com
158;kiiir169;fgdf;kiiir169fgdf158@yopmail.com
159;kiiir170;fgdf;kiiir170fgdf159@yopmail.com
160;kiiir171;fgdf;kiiir171fgdf160@yopmail.com
161;kiiir172;fgdf;kiiir172fgdf161@yopmail.com
162;kiiir173;fgdf;kiiir173fgdf162@yopmail.com
163;kiiir174;fgdf;kiiir174fgdf163@yopmail.com
164;kiiir175;fgdf;kiiir175fgdf164@yopmail.com
165;kiiir176;fgdf;kiiir176fgdf165@yopmail.com
166;kiiir177;fgdf;kiiir177fgdf166@yopmail.com
167;kiiir178;fgdf;kiiir178fgdf167@yopmail.com
168;kiiir179;fgdf;kiiir179fgdf168@yopmail.com
169;kiiir180;fgdf;kiiir180fgdf169@yopmail.com
170;kiiir181;fgdf;kiiir181fgdf170@yopmail.com
171;kiiir182;fgdf;kiiir182fgdf171@yopmail.com
172;kiiir183;fgdf;kiiir183fgdf172@yopmail.com
173;kiiir184;fgdf;kiiir184fgdf173@yopmail.com
174;kiiir185;fgdf;kiiir185fgdf174@yopmail.com
175;kiiir186;fgdf;kiiir186fgdf175@yopmail.com
176;kiiir187;fgdf;kiiir187fgdf176@yopmail.com
177;kiiir188;fgdf;kiiir188fgdf177@yopmail.com
178;kiiir189;fgdf;kiiir189fgdf178@yopmail.com
179;kiiir190;fgdf;kiiir190fgdf179@yopmail.com
180;kiiir191;fgdf;kiiir191fgdf180@yopmail.com
181;kiiir192;fgdf;kiiir192fgdf181@yopmail.com
182;kiiir193;fgdf;kiiir193fgdf182@yopmail.com
183;kiiir194;fgdf;kiiir194fgdf183@yopmail.com
184;kiiir195;fgdf;kiiir195fgdf184@yopmail.com
185;kiiir196;fgdf;kiiir196fgdf185@yopmail.com
186;kiiir197;fgdf;kiiir197fgdf186@yopmail.com
187;kiiir198;fgdf;kiiir198fgdf187@yopmail.com
188;kiiir199;fgdf;kiiir199fgdf188@yopmail.com
189;kiiir200;fgdf;kiiir200fgdf189@yopmail.com
190;kiiir201;fgdf;kiiir201fgdf190@yopmail.com
191;kiiir202;fgdf;kiiir202fgdf191@yopmail.com
192;kiiir203;fgdf;kiiir203fgdf192@yopmail.com
193;kiiir204;fgdf;kiiir204fgdf193@yopmail.com
194;kiiir205;fgdf;kiiir205fgdf194@yopmail.com
195;kiiir206;fgdf;kiiir206fgdf195@yopmail.com
196;kiiir207;fgdf;kiiir207fgdf196@yopmail.com
197;kiiir208;fgdf;kiiir208fgdf197@yopmail.com
198;kiiir209;fgdf;kiiir209fgdf198@yopmail.com
199;kiiir210;fgdf;kiiir210fgdf199@yopmail.com
200;kiiir211;fgdf;kiiir211fgdf200@yopmail.com
201;kiiir212;fgdf;kiiir212fgdf201@yopmail.com
202;kiiir213;fgdf;kiiir213fgdf202@yopmail.com
203;kiiir214;fgdf;kiiir214fgdf203@yopmail.com
204;kiiir215;fgdf;kiiir215fgdf204@yopmail.com
205;kiiir216;fgdf;kiiir216fgdf205@yopmail.com
206;kiiir217;fgdf;kiiir217fgdf206@yopmail.com
207;kiiir218;fgdf;kiiir218fgdf207@yopmail.com
208;kiiir219;fgdf;kiiir219fgdf208@yopmail.com
209;kiiir220;fgdf;kiiir220fgdf209@yopmail.com
210;kiiir221;fgdf;kiiir221fgdf210@yopmail.com
211;kiiir222;fgdf;kiiir222fgdf211@yopmail.com
212;kiiir223;fgdf;kiiir223fgdf212@yopmail.com
213;kiiir224;fgdf;kiiir224fgdf213@yopmail.com
214;kiiir225;fgdf;kiiir225fgdf214@yopmail.com
215;kiiir226;fgdf;kiiir226fgdf215@yopmail.com
216;kiiir227;fgdf;kiiir227fgdf216@yopmail.com
217;kiiir228;fgdf;kiiir228fgdf217@yopmail.com
218;kiiir229;fgdf;kiiir229fgdf218@yopmail.com
219;kiiir230;fgdf;kiiir230fgdf219@yopmail.com
220;kiiir231;fgdf;kiiir231fgdf220@yopmail.com
221;kiiir232;fgdf;kiiir232fgdf221@yopmail.com
222;kiiir233;fgdf;kiiir233fgdf222@yopmail.com
223;kiiir234;fgdf;kiiir234fgdf223@yopmail.com
224;kiiir235;fgdf;kiiir235fgdf224@yopmail.com
225;kiiir236;fgdf;kiiir236fgdf225@yopmail.com
226;kiiir237;fgdf;kiiir237fgdf226@yopmail.com
227;kiiir238;fgdf;kiiir238fgdf227@yopmail.com
228;kiiir239;fgdf;kiiir239fgdf228@yopmail.com
229;kiiir240;fgdf;kiiir240fgdf229@yopmail.com
230;kiiir241;fgdf;kiiir241fgdf230@yopmail.com
231;kiiir242;fgdf;kiiir242fgdf231@yopmail.com
232;kiiir243;fgdf;kiiir243fgdf232@yopmail.com
233;kiiir244;fgdf;kiiir244fgdf233@yopmail.com
234;kiiir245;fgdf;kiiir245fgdf234@yopmail.com
235;kiiir246;fgdf;kiiir246fgdf235@yopmail.com
236;kiiir247;fgdf;kiiir247fgdf236@yopmail.com
237;kiiir248;fgdf;kiiir248fgdf237@yopmail.com
238;kiiir249;fgdf;kiiir249fgdf238@yopmail.com
239;kiiir250;fgdf;kiiir250fgdf239@yopmail.com
240;kiiir251;fgdf;kiiir251fgdf240@yopmail.com
241;kiiir252;fgdf;kiiir252fgdf241@yopmail.com
242;kiiir253;fgdf;kiiir253fgdf242@yopmail.com
243;kiiir254;fgdf;kiiir254fgdf243@yopmail.com
244;kiiir255;fgdf;kiiir255fgdf244@yopmail.com
245;kiiir256;fgdf;kiiir256fgdf245@yopmail.com
246;kiiir257;fgdf;kiiir257fgdf246@yopmail.com
247;kiiir258;fgdf;kiiir258fgdf247@yopmail.com
248;kiiir259;fgdf;kiiir259fgdf248@yopmail.com
249;kiiir260;fgdf;kiiir260fgdf249@yopmail.com
250;kiiir261;fgdf;kiiir261fgdf250@yopmail.com
251;kiiir262;fgdf;kiiir262fgdf251@yopmail.com
252;kiiir263;fgdf;kiiir263fgdf252@yopmail.com
253;kiiir264;fgdf;kiiir264fgdf253@yopmail.com
254;kiiir265;fgdf;kiiir265fgdf254@yopmail.com
255;kiiir266;fgdf;kiiir266fgdf255@yopmail.com
256;kiiir267;fgdf;kiiir267fgdf256@yopmail.com
257;kiiir268;fgdf;kiiir268fgdf257@yopmail.com
258;kiiir269;fgdf;kiiir269fgdf258@yopmail.com
259;kiiir270;fgdf;kiiir270fgdf259@yopmail.com
260;kiiir271;fgdf;kiiir271fgdf260@yopmail.com
261;kiiir272;fgdf;kiiir272fgdf261@yopmail.com
262;kiiir273;fgdf;kiiir273fgdf262@yopmail.com
263;kiiir274;fgdf;kiiir274fgdf263@yopmail.com
264;kiiir275;fgdf;kiiir275fgdf264@yopmail.com
265;kiiir276;fgdf;kiiir276fgdf265@yopmail.com
266;kiiir277;fgdf;kiiir277fgdf266@yopmail.com
267;kiiir278;fgdf;kiiir278fgdf267@yopmail.com
268;kiiir279;fgdf;kiiir279fgdf268@yopmail.com
269;kiiir280;fgdf;kiiir280fgdf269@yopmail.com
270;kiiir281;fgdf;kiiir281fgdf270@yopmail.com
271;kiiir282;fgdf;kiiir282fgdf271@yopmail.com
272;kiiir283;fgdf;kiiir283fgdf272@yopmail.com
273;kiiir284;fgdf;kiiir284fgdf273@yopmail.com
274;kiiir285;fgdf;kiiir285fgdf274@yopmail.com
275;kiiir286;fgdf;kiiir286fgdf275@yopmail.com
276;kiiir287;fgdf;kiiir287fgdf276@yopmail.com
277;kiiir288;fgdf;kiiir288fgdf277@yopmail.com
278;kiiir289;fgdf;kiiir289fgdf278@yopmail.com
279;kiiir290;fgdf;kiiir290fgdf279@yopmail.com
280;kiiir291;fgdf;kiiir291fgdf280@yopmail.com
281;kiiir292;fgdf;kiiir292fgdf281@yopmail.com
282;kiiir293;fgdf;kiiir293fgdf282@yopmail.com
283;kiiir294;fgdf;kiiir294fgdf283@yopmail.com
284;kiiir295;fgdf;kiiir295fgdf284@yopmail.com
285;kiiir296;fgdf;kiiir296fgdf285@yopmail.com
286;kiiir297;fgdf;kiiir297fgdf286@yopmail.com
287;kiiir298;fgdf;kiiir298fgdf287@yopmail.com
288;kiiir299;fgdf;kiiir299fgdf288@yopmail.com
289;kiiir300;fgdf;kiiir300fgdf289@yopmail.com
290;kiiir301;fgdf;kiiir301fgdf290@yopmail.com
291;kiiir302;fgdf;kiiir302fgdf291@yopmail.com
292;kiiir303;fgdf;kiiir303fgdf292@yopmail.com
293;kiiir304;fgdf;kiiir304fgdf293@yopmail.com
294;kiiir305;fgdf;kiiir305fgdf294@yopmail.com
295;kiiir306;fgdf;kiiir306fgdf295@yopmail.com
296;kiiir307;fgdf;kiiir307fgdf296@yopmail.com
297;kiiir308;fgdf;kiiir308fgdf297@yopmail.com
298;kiiir309;fgdf;kiiir309fgdf298@yopmail.com
299;kiiir310;fgdf;kiiir310fgdf299@yopmail.com
300;kiiir311;fgdf;kiiir311fgdf300@yopmail.com
