Id;Email;Phone;Gender;FirstName;LastName;Password;NewsletterSubscription;LoyaltySubscription
170;KTeyGGrWE170@yopmail.com;123456958;4;KTeyG;GrWE;Test??170;No;No
171;KTeyGGrWE171@yopmail.com;123456959;4;KTeyG;GrWE;Test??171;No;No
172;KTeyGGrWE172@yopmail.com;123456960;4;KTeyG;GrWE;Test??172;No;No
173;KTeyGGrWE173@yopmail.com;123456961;4;KTeyG;GrWE;Test??173;No;No
174;KTeyGGrWE174@yopmail.com;123456962;4;KTeyG;GrWE;Test??174;No;No
175;KTeyGGrWE175@yopmail.com;123456963;4;KTeyG;GrWE;Test??175;No;No
176;KTeyGGrWE176@yopmail.com;123456964;4;KTeyG;GrWE;Test??176;No;No
177;KTeyGGrWE177@yopmail.com;123456965;4;KTeyG;GrWE;Test??177;No;No
178;KTeyGGrWE178@yopmail.com;123456966;4;KTeyG;GrWE;Test??178;No;No
179;KTeyGGrWE179@yopmail.com;123456967;4;KTeyG;GrWE;Test??179;No;No
180;KTeyGGrWE180@yopmail.com;123456968;4;KTeyG;GrWE;Test??180;No;No
181;KTeyGGrWE181@yopmail.com;123456969;4;KTeyG;GrWE;Test??181;No;No
182;KTeyGGrWE182@yopmail.com;123456970;4;KTeyG;GrWE;Test??182;No;No
183;KTeyGGrWE183@yopmail.com;123456971;4;KTeyG;GrWE;Test??183;No;No
184;KTeyGGrWE184@yopmail.com;123456972;4;KTeyG;GrWE;Test??184;No;No
185;KTeyGGrWE185@yopmail.com;123456973;4;KTeyG;GrWE;Test??185;No;No
186;KTeyGGrWE186@yopmail.com;123456974;4;KTeyG;GrWE;Test??186;No;No
187;KTeyGGrWE187@yopmail.com;123456975;4;KTeyG;GrWE;Test??187;No;No
188;KTeyGGrWE188@yopmail.com;123456976;4;KTeyG;GrWE;Test??188;No;No
189;KTeyGGrWE189@yopmail.com;123456977;4;KTeyG;GrWE;Test??189;No;No
190;KTeyGGrWE190@yopmail.com;123456978;4;KTeyG;GrWE;Test??190;No;No
